,image,measure,importance
36,10,relevant_fixdur,0.2102168033986216
37,10,redundant_fixdur,0.27475091575091576
38,10,relevant_fixnum,0.37272835928183523
39,10,redundant_fixnum,0.14230392156862742
