,image,measure,importance
32,9,relevant_fixdur,0.19208225020129782
33,9,redundant_fixdur,0.317306495403134
34,9,relevant_fixnum,0.19570574487241157
35,9,redundant_fixnum,0.29490550952315664
