,image,measure,importance
40,11,relevant_fixdur,0.29946382189239323
41,11,redundant_fixdur,0.16693426943426945
42,11,relevant_fixnum,0.33161563436563435
43,11,redundant_fixnum,0.20198627430770286
