,image,measure,importance
0,1,relevant_fixdur,0.06692918192918193
1,1,redundant_fixdur,0.12476338476338478
2,1,relevant_fixnum,0.6771800421800422
3,1,redundant_fixnum,0.13112739112739114
