,image,measure,importance
48,13,relevant_fixdur,0.20730235042735043
49,13,redundant_fixdur,0.22586038961038962
50,13,relevant_fixnum,0.30600391506641506
51,13,redundant_fixnum,0.2608333448958449
