,image,measure,importance
16,5,relevant_fixdur,0.2694834054834055
17,5,redundant_fixdur,0.20346929789786933
18,5,relevant_fixnum,0.35101806130377555
19,5,redundant_fixnum,0.1760292353149496
