,image,measure,importance
4,2,relevant_fixdur,0.15124242424242423
5,2,redundant_fixdur,0.4031046176046176
6,2,relevant_fixnum,0.044658119658119645
7,2,redundant_fixnum,0.4009948384948386
