,image,measure,importance
28,8,relevant_fixdur,0.11746048704382037
29,8,redundant_fixdur,0.224626554001554
30,8,relevant_fixnum,0.2809130972513325
31,8,redundant_fixnum,0.37699986170329314
