,image,measure,importance
44,12,relevant_fixdur,0.260772977022977
45,12,redundant_fixdur,0.2057106782106782
46,12,relevant_fixnum,0.22857226107226106
47,12,redundant_fixnum,0.3049440836940837
