,image,measure,importance
20,6,relevant_fixdur,0.20572916666666666
21,6,redundant_fixdur,0.29878472222222224
22,6,relevant_fixnum,0.12291666666666667
23,6,redundant_fixnum,0.3725694444444444
