,image,measure,importance
52,14,relevant_fixdur,0.27606504606504606
53,14,redundant_fixdur,0.28904007104007107
54,14,relevant_fixnum,0.23659931734931733
55,14,redundant_fixnum,0.19829556554556554
