,image,measure,importance
24,7,relevant_fixdur,0.2412296384171384
25,7,redundant_fixdur,0.24840726743300276
26,7,relevant_fixnum,0.1938534844784845
27,7,redundant_fixnum,0.31650960967137437
