,image,measure,importance
8,3,relevant_fixdur,0.31920743518146116
9,3,redundant_fixdur,0.27650414637594123
10,3,relevant_fixnum,0.2320503770013574
11,3,redundant_fixnum,0.1722380414412402
